pr_#9797,issue_#8979
pr_#9796,issue_#9340
pr_#9763,issue_#8523,issue_#8629
pr_#9742,issue_#9677,issue_#8726,issue_#5759
pr_#9728,issue_#9727
pr_#9708,issue_#9448
pr_#9705,issue_#9676
pr_#9675,issue_#4542
pr_#9673,issue_#9671
pr_#9672,issue_#8584,issue_#7672
pr_#9663,issue_#9657
pr_#9651,issue_#8144
pr_#9647,issue_#9610
pr_#9636,issue_#7276
pr_#9632,issue_#8584,issue_#5759
pr_#9629,issue_#9007,issue_#4001,issue_#5580
pr_#9625,issue_#9315
pr_#9616,issue_#5759
pr_#9614,issue_#8548
pr_#9604,issue_#7128
pr_#9592,issue_#9536
pr_#9587,issue_#9584
pr_#9577,issue_#4589
pr_#9573,issue_#9395,issue_#4708
pr_#9571,issue_#4954
pr_#9564,issue_#7907
pr_#9797,issue_#8979
pr_#9796,issue_#9340
pr_#9763,issue_#8523,issue_#8629
pr_#9742,issue_#9677,issue_#8726,issue_#5759
pr_#9728,issue_#9727
pr_#9708,issue_#9448
pr_#9705,issue_#9676
pr_#9675,issue_#4542
pr_#9673,issue_#9671
pr_#9672,issue_#8584,issue_#7672
pr_#9663,issue_#9657
pr_#9651,issue_#8144
pr_#9647,issue_#9610
pr_#9636,issue_#7276
pr_#9632,issue_#8584,issue_#5759
pr_#9629,issue_#9007,issue_#4001,issue_#5580
pr_#9625,issue_#9315
pr_#9616,issue_#5759
pr_#9614,issue_#8548
pr_#9604,issue_#7128
pr_#9592,issue_#9536
pr_#9587,issue_#9584
pr_#9577,issue_#4589
pr_#9573,issue_#9395,issue_#4708
pr_#9571,issue_#4954
pr_#9564,issue_#7907
pr_#9552,issue_#9536
pr_#9551,issue_#9519
pr_#9530,issue_#9517
pr_#9528,issue_#9473
pr_#9510,issue_#9509
pr_#9508,issue_#9500
pr_#9507,issue_#9506
pr_#9502,issue_#9501
pr_#9498,issue_#9497,issue_#9244
pr_#9495,issue_#9437
pr_#9481,issue_#9476
pr_#9479,issue_#9054
pr_#9474,issue_#9473
pr_#9470,issue_#9401
pr_#9462,issue_#4351
pr_#9453,issue_#9419
pr_#9452,issue_#9451
pr_#9445,issue_#8229
pr_#9439,issue_#9296
pr_#9422,issue_#8645
pr_#9414,issue_#7968
pr_#9412,issue_#9407
pr_#9403,issue_#7968
pr_#9394,issue_#9169
pr_#9390,issue_#9311
pr_#9387,issue_#9386
pr_#9380,issue_#7520
pr_#9371,issue_#8768
pr_#9367,issue_#9342
pr_#9345,issue_#9342
pr_#9339,issue_#8645
pr_#9324,issue_#9323
pr_#9314,issue_#7290
pr_#9272,issue_#9270
pr_#9268,issue_#9261
pr_#9250,issue_#8645
pr_#9249,issue_#9001
pr_#9248,issue_#8360,issue_#9001
pr_#9247,issue_#9208
pr_#9243,issue_#9236
pr_#9237,issue_#9084
pr_#9196,issue_#9160
pr_#9192,issue_#9169
pr_#9177,issue_#9175
pr_#9173,issue_#8353,issue_#7580
pr_#9125,issue_#8711
pr_#9123,issue_#9079
pr_#9114,issue_#9113
pr_#9102,issue_#9101
pr_#9097,issue_#9063
pr_#9090,issue_#9083
pr_#9059,issue_#9058
pr_#9021,issue_#9011
pr_#8999,issue_#8995
pr_#8970,issue_#8797
pr_#8969,issue_#8940
pr_#8960,issue_#8874
pr_#8888,issue_#7692
pr_#8854,issue_#8825
pr_#8847,issue_#8824
pr_#8827,issue_#7779
pr_#8811,issue_#8799
pr_#8782,issue_#8774
pr_#8748,issue_#8720
pr_#8741,issue_#7736
pr_#8716,issue_#8627
pr_#8702,issue_#8701
pr_#8690,issue_#8678
pr_#8661,issue_#8649
pr_#8654,issue_#5870
pr_#8644,issue_#4881
pr_#8642,issue_#8638
pr_#8641,issue_#8608
pr_#8631,issue_#7542
pr_#8628,issue_#8612
pr_#8621,issue_#8576
pr_#8617,issue_#8602
pr_#8616,issue_#5870
pr_#8591,issue_#7961
pr_#8589,issue_#6406
pr_#8583,issue_#5152
pr_#8578,issue_#6568
pr_#8574,issue_#7967,issue_#7968
pr_#8573,issue_#8523
pr_#8562,issue_#6619
pr_#8549,issue_#4987,issue_#8511
pr_#8536,issue_#6544
pr_#8524,issue_#7768
pr_#8515,issue_#8510
pr_#8499,issue_#8344
pr_#8494,issue_#8489
pr_#8461,issue_#8166
pr_#8458,issue_#8447
pr_#8456,issue_#8453
pr_#8425,issue_#8372
pr_#8424,issue_#8423
pr_#8408,issue_#8298
pr_#8402,issue_#8394
pr_#8350,issue_#5836
pr_#8346,issue_#8069
pr_#8339,issue_#5152
pr_#8335,issue_#8074,issue_#4975
pr_#8333,issue_#4975
pr_#8332,issue_#8316
pr_#8327,issue_#8292
pr_#8324,issue_#8292
pr_#8312,issue_#8190
pr_#8310,issue_#7952
pr_#8307,issue_#8306
pr_#8302,issue_#5312
pr_#8291,issue_#8286
pr_#8290,issue_#7910
pr_#8271,issue_#6809
pr_#8259,issue_#4291
pr_#8258,issue_#7313,issue_#7316
pr_#8256,issue_#6428
pr_#8253,issue_#4975
pr_#8251,issue_#7976
pr_#8248,issue_#8242
pr_#8222,issue_#8180
pr_#8212,issue_#8156
pr_#8208,issue_#8207
pr_#8205,issue_#8097
pr_#8201,issue_#8046
pr_#8175,issue_#8161
pr_#8174,issue_#8162
pr_#8159,issue_#8015,issue_#8022
pr_#8146,issue_#8125
pr_#8145,issue_#8144
pr_#8137,issue_#7633
pr_#8135,issue_#8110
pr_#8133,issue_#8088
pr_#8107,issue_#8009
pr_#8096,issue_#8050
pr_#8091,issue_#8090
pr_#8067,issue_#8065
pr_#8066,issue_#7952
pr_#8063,issue_#8035
pr_#8019,issue_#8001
pr_#8014,issue_#7996
pr_#8011,issue_#8008
pr_#7995,issue_#7977
pr_#7991,issue_#7986
pr_#7990,issue_#7266
pr_#7963,issue_#7907
pr_#7960,issue_#7576
pr_#7958,issue_#7957
pr_#7930,issue_#7920
pr_#7916,issue_#7774
pr_#7898,issue_#5842
pr_#7892,issue_#7780
pr_#7878,issue_#7844
pr_#7865,issue_#7849
pr_#7848,issue_#4610
pr_#7842,issue_#7834
pr_#7832,issue_#7805
pr_#7831,issue_#4610
pr_#7829,issue_#7640
pr_#7827,issue_#7826
pr_#7820,issue_#7807
pr_#7804,issue_#6125,issue_#7800
pr_#7796,issue_#7301
pr_#7789,issue_#7785
pr_#7776,issue_#7772,issue_#7775,issue_#7575,issue_#7574
pr_#7745,issue_#7743
pr_#7717,issue_#7714
pr_#7713,issue_#7631
pr_#7708,issue_#6784
pr_#7700,issue_#7642
pr_#7693,issue_#7279
pr_#7683,issue_#6473
pr_#7662,issue_#7531
pr_#7661,issue_#7531
pr_#7656,issue_#7597
pr_#7655,issue_#7577
pr_#7647,issue_#7319
pr_#7645,issue_#7644
pr_#7641,issue_#5954
pr_#7637,issue_#6172
pr_#7632,issue_#7621
pr_#7620,issue_#7617
pr_#7619,issue_#7615
pr_#7593,issue_#4804
pr_#7578,issue_#7053
pr_#7573,issue_#7562
pr_#7547,issue_#7527
pr_#7543,issue_#7238
pr_#7529,issue_#7523
pr_#7515,issue_#7514
pr_#7499,issue_#7461
pr_#7482,issue_#5423
pr_#7463,issue_#7437
pr_#7446,issue_#7243
pr_#7444,issue_#7427
pr_#7443,issue_#7016
pr_#7429,issue_#7384
pr_#7392,issue_#4997
pr_#7390,issue_#7320
pr_#7378,issue_#7308
pr_#7355,issue_#7352
pr_#7337,issue_#6662
pr_#7331,issue_#7189
pr_#7297,issue_#7293
pr_#7292,issue_#7021
pr_#7273,issue_#7272
pr_#7267,issue_#7239
pr_#7232,issue_#5794
pr_#7222,issue_#7221
pr_#7219,issue_#6989
pr_#7210,issue_#7193
pr_#7208,issue_#7090
pr_#7173,issue_#6341
pr_#7168,issue_#6399
pr_#7167,issue_#6673
pr_#7159,issue_#7071
pr_#7158,issue_#7157
pr_#7144,issue_#6404
pr_#7135,issue_#7071
pr_#7130,issue_#7071
pr_#7124,issue_#6445
pr_#7108,issue_#5854
pr_#7096,issue_#6438
pr_#7091,issue_#6445
pr_#7089,issue_#7060
pr_#7080,issue_#6445
pr_#7075,issue_#6706
pr_#7066,issue_#7056
pr_#7065,issue_#7025
pr_#7063,issue_#7028
pr_#7062,issue_#7058
pr_#7061,issue_#7059
pr_#7051,issue_#4441
pr_#7032,issue_#7031
pr_#7017,issue_#6828
pr_#7010,issue_#7009
pr_#7005,issue_#6828
pr_#6988,issue_#6952
pr_#6987,issue_#6954
pr_#6984,issue_#6955
pr_#6983,issue_#6949
pr_#6982,issue_#6980
pr_#6975,issue_#5923
pr_#6974,issue_#4760
pr_#6972,issue_#6454
pr_#6938,issue_#6303
pr_#6916,issue_#6914
pr_#6902,issue_#4444
pr_#6900,issue_#6878
pr_#6894,issue_#6892,issue_#6495
pr_#6884,issue_#6316
pr_#6882,issue_#6316
pr_#6881,issue_#6866
pr_#6873,issue_#4451
pr_#6872,issue_#6495
pr_#6871,issue_#6705
pr_#6853,issue_#6852
pr_#6836,issue_#6834
pr_#6829,issue_#5957
pr_#6822,issue_#6798
pr_#6821,issue_#6802
pr_#6815,issue_#6814
pr_#6804,issue_#6794
pr_#6796,issue_#5025
pr_#6789,issue_#6788
pr_#6785,issue_#5743
pr_#6781,issue_#6767
pr_#6780,issue_#6544
pr_#6779,issue_#4103
pr_#6777,issue_#6765
pr_#6776,issue_#6205
pr_#6774,issue_#6205
pr_#6773,issue_#5952
pr_#6772,issue_#6741
pr_#6771,issue_#6768
pr_#6770,issue_#4317
pr_#6769,issue_#5806
pr_#6766,issue_#4552
pr_#6762,issue_#6758
pr_#6750,issue_#6125
pr_#6747,issue_#6675
pr_#6738,issue_#6003
pr_#6736,issue_#6727
pr_#6718,issue_#6716
pr_#6711,issue_#6473
pr_#6707,issue_#5909
pr_#6699,issue_#5008
pr_#6698,issue_#6548
pr_#6686,issue_#6571
pr_#6669,issue_#5996
pr_#6659,issue_#4986
pr_#6655,issue_#6579
pr_#6651,issue_#6508
pr_#6650,issue_#6574
pr_#6649,issue_#4134
pr_#6644,issue_#6493
pr_#6642,issue_#6639
pr_#6618,issue_#6617
pr_#6611,issue_#6610
pr_#6606,issue_#6314
pr_#6567,issue_#6319
pr_#6566,issue_#6292,issue_#6291
pr_#6565,issue_#6398
pr_#6553,issue_#6350
pr_#6527,issue_#6453,issue_#6412
pr_#6499,issue_#6485
pr_#6487,issue_#6463
pr_#6466,issue_#6317
pr_#6465,issue_#6451
pr_#6448,issue_#6446
pr_#6442,issue_#6400
pr_#6431,issue_#6420
pr_#6429,issue_#6318
pr_#6427,issue_#6420
pr_#6423,issue_#6322
pr_#6409,issue_#6360
pr_#6397,issue_#6321
pr_#6396,issue_#6295
pr_#6395,issue_#6288
pr_#6371,issue_#6259,issue_#5910
pr_#6363,issue_#6271
pr_#6349,issue_#6293
pr_#6348,issue_#6326
pr_#6345,issue_#6230
pr_#6339,issue_#6298
pr_#6336,issue_#6299
pr_#6330,issue_#6285,issue_#6284
pr_#6304,issue_#6065
pr_#6277,issue_#6156
pr_#6240,issue_#6204
pr_#6190,issue_#6130
pr_#6179,issue_#6110
pr_#6174,issue_#6108
pr_#6169,issue_#6168
pr_#6148,issue_#5962
pr_#6142,issue_#6141
pr_#6118,issue_#6116
pr_#6107,issue_#6083
pr_#6098,issue_#6032
pr_#6078,issue_#5728
pr_#6053,issue_#6046
pr_#6050,issue_#6030
pr_#6042,issue_#6036
pr_#6018,issue_#5807
pr_#6000,issue_#5999
pr_#5994,issue_#5991
pr_#5965,issue_#5963
pr_#5933,issue_#5927
pr_#5925,issue_#5198
pr_#5924,issue_#5922
pr_#5920,issue_#5915
pr_#5906,issue_#5891
pr_#5894,issue_#5308
pr_#5893,issue_#5866
pr_#5885,issue_#5884
pr_#5877,issue_#5681
pr_#5873,issue_#5492
pr_#5861,issue_#4782
pr_#5859,issue_#5019
pr_#5845,issue_#5844
pr_#5828,issue_#5153
pr_#5822,issue_#5820
pr_#5808,issue_#5790
pr_#5798,issue_#5398
pr_#5785,issue_#5784
pr_#5782,issue_#5767,issue_#5758
pr_#5780,issue_#5680
pr_#5777,issue_#5620
pr_#5764,issue_#5755
pr_#5754,issue_#5598
pr_#5749,issue_#5757,issue_#5741
pr_#5737,issue_#5728
pr_#5733,issue_#5546
pr_#5700,issue_#4964
pr_#5699,issue_#5493,issue_#4872,issue_#5199
pr_#5688,issue_#5656
pr_#5685,issue_#5684
pr_#5674,issue_#4602
pr_#5673,issue_#4571
pr_#5670,issue_#5639
pr_#5654,issue_#5652
pr_#5646,issue_#5263,issue_#4190
pr_#5637,issue_#5560,issue_#5548
pr_#5635,issue_#5275,issue_#4498,issue_#4442
pr_#5632,issue_#5631
pr_#5619,issue_#5576
pr_#5617,issue_#5594
pr_#5578,issue_#5576
pr_#5574,issue_#5573
pr_#5552,issue_#5542
pr_#5533,issue_#5527
pr_#5532,issue_#5531
pr_#5517,issue_#5307,issue_#5319
pr_#5509,issue_#4191
pr_#5477,issue_#5471
pr_#5463,issue_#5453
pr_#5461,issue_#5454
pr_#5460,issue_#5455
pr_#5458,issue_#5456
pr_#5428,issue_#5386
pr_#5427,issue_#5181,issue_#5394
pr_#5421,issue_#5419
pr_#5414,issue_#5413
pr_#5388,issue_#5366
pr_#5387,issue_#5383
pr_#5372,issue_#5351
pr_#5348,issue_#5337
pr_#5332,issue_#5331
pr_#5315,issue_#4466
pr_#5303,issue_#5260
pr_#5299,issue_#5293
pr_#5297,issue_#5291
pr_#5282,issue_#5007
pr_#5237,issue_#5234
pr_#5233,issue_#5232
pr_#5215,issue_#4788
pr_#5208,issue_#5205
pr_#5172,issue_#5168
pr_#5164,issue_#5096
pr_#5158,issue_#5156
pr_#5154,issue_#5148
pr_#5139,issue_#5028
pr_#5123,issue_#5122
pr_#5120,issue_#5014
pr_#5113,issue_#4127
pr_#5109,issue_#4772
pr_#5099,issue_#5097
pr_#5073,issue_#5072
pr_#5067,issue_#4722
pr_#5052,issue_#4460
pr_#5042,issue_#4173
pr_#5039,issue_#4943
pr_#5026,issue_#5007
pr_#5021,issue_#5020
pr_#5016,issue_#5015,issue_#4498
pr_#5009,issue_#4929
pr_#4981,issue_#4946
pr_#4980,issue_#4946
pr_#4978,issue_#4563
pr_#4969,issue_#4951
pr_#4968,issue_#4951
pr_#4967,issue_#4951
pr_#4966,issue_#4951,issue_#4959
pr_#4961,issue_#4960,issue_#4853
pr_#4958,issue_#4950
pr_#4942,issue_#4941
pr_#4939,issue_#4815
pr_#4932,issue_#4875
pr_#4918,issue_#4897
pr_#4917,issue_#4729
pr_#4888,issue_#4883
pr_#4878,issue_#4876
pr_#4862,issue_#4858
pr_#4845,issue_#4844
pr_#4842,issue_#4576
pr_#4840,issue_#4798
pr_#4811,issue_#4635
pr_#4809,issue_#4807
pr_#4799,issue_#4477
pr_#4785,issue_#4477
pr_#4781,issue_#4758
pr_#4774,issue_#4766
pr_#4770,issue_#4767
pr_#4761,issue_#4512
pr_#4755,issue_#4688,issue_#4655
pr_#4754,issue_#4753
pr_#4751,issue_#4635
pr_#4744,issue_#4742
pr_#4743,issue_#4393
pr_#4733,issue_#4732
pr_#4728,issue_#4612
pr_#4725,issue_#4723
pr_#4721,issue_#4714
pr_#4720,issue_#4719
pr_#4718,issue_#4715
pr_#4705,issue_#4671,issue_#4668
pr_#4699,issue_#4698
pr_#4695,issue_#4429,issue_#4049,issue_#4682
pr_#4686,issue_#4620
pr_#4680,issue_#4663
pr_#4672,issue_#4635
pr_#4667,issue_#4665
pr_#4658,issue_#4657
pr_#4650,issue_#4640,issue_#4638
pr_#4634,issue_#4593
pr_#4618,issue_#4590
pr_#4613,issue_#4596
pr_#4611,issue_#4599
pr_#4598,issue_#4595
pr_#4566,issue_#4562
pr_#4553,issue_#4492
pr_#4545,issue_#4534
pr_#4529,issue_#4528
pr_#4525,issue_#4394
pr_#4523,issue_#4520
pr_#4522,issue_#4521
pr_#4518,issue_#3985
pr_#4505,issue_#4499
pr_#4504,issue_#4487
pr_#4503,issue_#4465
pr_#4500,issue_#4390,issue_#4389
pr_#4496,issue_#4431
pr_#4495,issue_#4049
pr_#4494,issue_#4480
pr_#4490,issue_#4488
pr_#4486,issue_#4485
pr_#4482,issue_#4475
pr_#4481,issue_#4474
pr_#4473,issue_#4462
pr_#4470,issue_#4161
pr_#4467,issue_#4181
pr_#4419,issue_#4349
pr_#4411,issue_#4409
pr_#4407,issue_#4406
pr_#4384,issue_#3977,issue_#4200
pr_#4375,issue_#4370
pr_#4367,issue_#4360
pr_#4353,issue_#4212
pr_#4352,issue_#4346
pr_#4344,issue_#4339
pr_#4342,issue_#4340
pr_#4341,issue_#4194
pr_#4336,issue_#4172
pr_#4331,issue_#4135
pr_#4327,issue_#4301
pr_#4323,issue_#4172
pr_#4319,issue_#4311
pr_#4314,issue_#4305
pr_#4313,issue_#4211
pr_#4295,issue_#4296
pr_#4275,issue_#4270
pr_#4268,issue_#4264
pr_#4259,issue_#4111
pr_#4257,issue_#4098
pr_#4256,issue_#4252
pr_#4253,issue_#4252
pr_#4251,issue_#4247
pr_#4249,issue_#4241
pr_#4248,issue_#4247
pr_#4243,issue_#4055
pr_#4238,issue_#4237
pr_#4230,issue_#4229
pr_#4225,issue_#4018
pr_#4218,issue_#4209
pr_#4207,issue_#4133
pr_#4199,issue_#4208,issue_#4185,issue_#4195,issue_#4198
pr_#4178,issue_#4089
pr_#4164,issue_#4155
pr_#4163,issue_#4162
pr_#4149,issue_#4142
pr_#4136,issue_#4133
pr_#4120,issue_#4097
pr_#4115,issue_#4111
pr_#4114,issue_#4083
pr_#4112,issue_#4104
pr_#4106,issue_#4105
pr_#4093,issue_#4083
pr_#4076,issue_#4075
pr_#4073,issue_#4069
pr_#4072,issue_#4071
pr_#4059,issue_#3994
pr_#4051,issue_#4046
pr_#4045,issue_#4043
pr_#4041,issue_#4039
pr_#4038,issue_#4058
pr_#4037,issue_#4027
pr_#4028,issue_#3999
pr_#4005,issue_#3988
pr_#3995,issue_#3986
pr_#3991,issue_#3988
